ASIN,Description,Manufacturer
B082QJ32TR,Not available,Not available
B09RPVZK5S,Not available,Not available
B01N66F4CH,Not available,Not available
B0C9HXT93P,Not available,Not available
B0C3LM1ZBJ,Not available,Not available
B0BTV787FD,Not available,Not available
B094PRYZFV,Not available,Not available
B0C6F1BJ49,Not available,Not available
B09Y23N8M9,Not available,Not available
B07WKB1NWJ,Not available,Not available
B0BTSDGS2N,Not available,Not available
B0C5MY4NKR,Not available,Not available
B09XBG4MJW,Not available,Not available
B0CB1HCQQY,Not available,Not available
B0C1Z6VPZ5,Not available,Not available
B019WGI8DS,Not available,Not available
B097643YSG,Not available,Not available
B08GZZCVJQ,Not available,Not available
B0855ZDZCX,Not available,Not available
B09Y99FDVM,Not available,Not available
B0BWRLF9K8,Not available,Not available
B09QQN77J3,Not available,Not available
B0CB1N1497,Not available,Not available
B08NZC777P,Not available,Not available
B08H114PQY,Not available,Not available
B09RXVWN5B,Not available,Not available
B09WJ7QW4X,Not available,Not available
B0825291Y6,Not available,Not available
B0915DCZDJ,Not available,Not available
B0BDZ43NC2,Not available,Not available
B08WJ5L428,Not available,Not available
B0BCQZPHKJ,Not available,Not available
B09DRTLGNL,Not available,Not available
B0BDVB9BR9,Not available,Not available
B0BSRSY8M3,Not available,Not available
B0C16Z1T4P,Not available,Not available
B08WPT5JS9,Not available,Not available
B0C1SJ935T,Not available,Not available
B08R924CT2,Not available,Not available
B0BT4X8KNP,Not available,Not available
B095SXBWDY,Not available,Not available
B08BXFT5RC,Not available,Not available
B0C1S4RWSN,Not available,Not available
B094VGKLG9,Not available,Not available
B08PRXXQB3,Not available,Not available
B0C8GN4VH8,Not available,Not available
B0BZSQSD1W,Not available,Not available
B09RBFVDLB,Not available,Not available
B01M1EEPOB,Not available,Not available
B0C7QSP7ZC,Not available,Not available
B0BKG83BTB,Not available,Not available
B0CBH6QVPL,Not available,Not available
B0BKG5PQ6T,Not available,Not available
B06XDLJL26,Not available,Not available
B0BSGQTVP1,Not available,Not available
B0BKZFKQ3G,Not available,Not available
B0C7S2NPXX,Not available,Not available
B0C6F46GDY,Not available,Not available
B09Y5MK1KB,Not available,Not available
B09N3ZNHTY,Not available,Not available
B08JQN8DGZ,Not available,Not available
B0C9MNT48D,Not available,Not available
B0BYJ6ZMTS,Not available,Not available
B0B9788XQ2,Not available,Not available
B0BV3FB4M5,Not available,Not available
B0BY3383TQ,Not available,Not available
B07BTZ8NFL,Not available,Not available
B09PHC19LL,Not available,Not available
B06Y2FG6R7,Not available,Not available
B0BRKHXG3V,Not available,Not available
B076CJMHBC,Not available,Not available
B0B1MMMKVQ,Not available,Not available
B095F6M1YW,Not available,Not available
B079SLJPT1,Not available,Not available
B071H7SZ1R,Not available,Not available
B0B21BW311,Not available,Not available
B07DMVHSQ1,Not available,Not available
B0BRKKS69N,Not available,Not available
B07DPQP5C9,Not available,Not available
B07HK6NT81,Not available,Not available
B09JM3YFQW,Not available,Not available
B0B5VPYDVX,Not available,Not available
B07DPT9KDM,Not available,Not available
B09ZLBKR1C,Not available,Not available
B082G9T3YS,Not available,Not available
B0BLK1F584,Not available,Not available
B019XSHB7O,Not available,Not available
B096NSRDL1,Not available,Not available
B08Z3P78SL,Not available,Not available
B0B3RXCQ91,Not available,Not available
B0C18KVB1B,Not available,Not available
B0C7VC3DFJ,Not available,Not available
B08ZS6M1QC,Not available,Not available
B084L927MC,Not available,Not available
B07VFK3N3R,Not available,Not available
B09GG7JX6H,Not available,Not available
B07YT179J4,Not available,Not available
B075KK8SZ4,Not available,Not available
B0BX4MN9WV,Not available,Not available
B00W05QSGI,Not available,Not available
B09ZKWL3D5,Not available,Not available
B09B3YBZ51,Not available,Not available
B01LWKD8PT,Not available,Not available
B01I7799SQ,Not available,Not available
B01MRY9SNX,Not available,Not available
B0BXGY55N3,Not available,Not available
B08LNGHZW1,Not available,Not available
B01IR4KVAO,Not available,Not available
B0C2ZFF6B8,Not available,Not available
B07HNHR9X5,Not available,Not available
B0BZVTFHN5,Not available,Not available
B08JQJYRZW,Not available,Not available
B0C46H59YD,Not available,Not available
B0C46HQY86,Not available,Not available
B0C46FN82F,Not available,Not available
B0BYN6SGHD,Not available,Not available
B0BYN4D512,Not available,Not available
B0BQ3PYMCZ,Not available,Not available
B0BZWGCY2L,Not available,Not available
B0BYN34PGJ,Not available,Not available
B0BYN5555J,Not available,Not available
B0C46JKPSW,Not available,Not available
B0C46KPXCM,Not available,Not available
B0BYN48MQW,Not available,Not available
B09XB8GFBQ,Not available,Not available
B0BZWCJDRB,Not available,Not available
B0C74LZSQB,Not available,Not available
B09Y64H8VS,Not available,Not available
B0B6F7LX4C,Not available,Not available
B09F6S8BT6,Not available,Not available
B07MNNH484,Not available,Not available
B09G73T643,Not available,Not available
B08DPLCM6T,Not available,Not available
B08B42LWKN,Not available,Not available
B09RFC46VP,Not available,Not available
B09F9YQQ7B,Not available,Not available
B0BVMLNGXR,Not available,Not available
B0BQZQ3QTV,Not available,Not available
B08Z35H8L6,Not available,Not available
B0C1GX5RVW,Not available,Not available
B0B16KD737,Not available,Not available
B09VCHLSJF,Not available,Not available
B07T89Z35Z,Not available,Not available
B0BWYPDLM2,Not available,Not available
B07FVPYYZ9,Not available,Not available
B09RG5RS5M,Not available,Not available
B09Y78G5PB,Not available,Not available
B08VJ68429,Not available,Not available
B0854JWZGB,Not available,Not available
B08CH4XYL1,Not available,Not available
B07RHYB362,Not available,Not available
B09Y77J4FB,Not available,Not available
B08ZJGKG45,Not available,Not available
B09RG7N28Z,Not available,Not available
B09R3N353C,Not available,Not available
B01EREBFN0,Not available,Not available
B0711KSM95,Not available,Not available
B08SR3DVPS,Not available,Not available
B07H4J4NVC,Not available,Not available
B09JCCNF8W,Not available,Not available
B09KL911NG,Not available,Not available
B01EREBUX0,Not available,Not available
B0B7CFRH2R,Not available,Not available
B08HM7H3QX,Not available,Not available
B09CPM5MF5,Not available,Not available
B07X88HCV5,Not available,Not available
B085DLWW62,Not available,Not available
B07VFGPFYN,Not available,Not available
B08K8WYXYG,Not available,Not available
B07DWW9ZJC,Not available,Not available
B0C2RJGD62,Not available,Not available
B0BQHVFC91,Not available,Not available
B07H32QSMG,Not available,Not available
B0B84P5VFG,Not available,Not available
B097LQYLJJ,Not available,Not available
B07GXJ5SHY,Not available,Not available
B08BZKG35W,Not available,Not available
B08CMMBNBY,Not available,Not available
B07VFG9GPC,Not available,Not available
B09HXTHVJ9,Not available,Not available
B09R41D3G8,Not available,Not available
B07YLVCVYX,Not available,Not available
B07DX31QRB,Not available,Not available
B0BKP9QJLF,Not available,Not available
B09R49M8FD,Not available,Not available
B07WTTL2JR,Not available,Not available
B07DX3X4VQ,Not available,Not available
B0B7J12BFF,Not available,Not available
B09RP9KT1D,Not available,Not available
B07WHS92KF,Not available,Not available
B09HXT9S2Y,Not available,Not available
B078J1JNY8,Not available,Not available
B0BTHLCK15,Not available,Not available
B0BSRVL2VV,Not available,Not available
B0BR3WHPQP,Not available,Not available
B08X46PCSB,Not available,Not available
B0BTHLMS39,Not available,Not available
B0C9SZQ9PX,Not available,Not available
B0BR3XFWKD,Not available,Not available
B0BRNX1TMX,Not available,Not available
B0C2NHFWYF,Not available,Not available
B0BTHN8SVY,Not available,Not available
B0BR3YBZKD,Not available,Not available
B0BSRVP834,Not available,Not available
B0BR3V1SQT,Not available,Not available
B0BSRVNCYC,Not available,Not available
B08KH7VF4Q,Not available,Not available
B08X72GY5Q,Not available,Not available
B09X5C9VLK,Not available,Not available
B075JJ5NQC,Not available,Not available
B01GZSQJPA,Not available,Not available
B07MKMFKPG,Not available,Not available
B0C33FLXJJ,Not available,Not available
B0872HNF94,Not available,Not available
B00K57MR22,Not available,Not available
B00HVXS7WC,Not available,Not available
B09GYBZPHF,Not available,Not available
B097XJQZ8H,Not available,Not available
B0C7LKSPKY,Not available,Not available
B0BRSXRBL3,Not available,Not available
B0BSV42486,Not available,Not available
B07GL1976K,Not available,Not available
B09ZDVL7L8,Not available,Not available
B07NW2S7N1,Not available,Not available
B00B7GHQQW,Not available,Not available
B009P2LKG2,Not available,Not available
B08MV82R99,Not available,Not available
B0BRNCFN9G,Not available,Not available
B00H47GVGY,Not available,Not available
B088ZS9BG6,Not available,Not available
B00ABMASXG,Not available,Not available
B00LUGTJGO,Not available,Not available
B09P6HH9G4,Not available,Not available
B00P0R9BO4,Not available,Not available
B0CB3JGWTK,Not available,Not available
B00O24PUO6,Not available,Not available
B009P2LKQ2,Not available,Not available
B078J6CW46,Not available,Not available
B00HZIOGXW,Not available,Not available
B00PQCXVQM,Not available,Not available
B09Z6CZFPQ,Not available,Not available
B09H8K3BXH,Not available,Not available
B083DY9S31,Not available,Not available
B08FTKW446,Not available,Not available
B077JBMR7F,Not available,Not available
B0BWS1QCYZ,Not available,Not available
B09D79NLZ4,Not available,Not available
B07LBXVH4L,Not available,Not available
B08698STWC,Not available,Not available
B015INISOS,Not available,Not available
B0C1ZG9FMV,Not available,Not available
B0BM9T6QVQ,Not available,Not available
B09YTR77R2,Not available,Not available
B08FTKWD8G,Not available,Not available
B0BZJBNSVC,Not available,Not available
B09TYSZ52B,Not available,Not available
B09PHT4N8H,Not available,Not available
B0869BXPHW,Not available,Not available
B07RJFQ1JZ,Not available,Not available
B07L1DDXLR,Not available,Not available
B0BQDW8QWG,Not available,Not available
B0C8JKMK7L,Not available,Not available
B09P2XSRBC,Not available,Not available
B09Y66WJD4,Not available,Not available
B09WBX7Q76,Not available,Not available
B0BN6DQFW4,Not available,Not available
B08T25KX34,Not available,Not available
B0BWXR7XX8,Not available,Not available
B0C5MSY58P,Not available,Not available
B0BTDTG4YR,Not available,Not available
B0994RXN2S,Not available,Not available
B0BJ23HR49,Not available,Not available
B07LC8L9V5,Not available,Not available
B0B399QTPZ,Not available,Not available
B081LBGFKP,Not available,Not available
B08FTR6GJQ,Not available,Not available
B0BWR47CYJ,Not available,Not available
B07NDHQ8SJ,Not available,Not available
B07RKKFNF6,Not available,Not available
B0B8P5M2DW,Not available,Not available
B0C69WTGHJ,Not available,Not available
B0B8P7VQBM,Not available,Not available
B08L9NKJQP,Not available,Not available
B09D7DSR8W,Not available,Not available
B0C39VGGWD,Not available,Not available
B09Y5M1NRR,Not available,Not available
B0BN22H7MX,Not available,Not available
B08ZMZKT1V,Not available,Not available
B082F2T5PQ,Not available,Not available
B0BHJC43JW,Not available,Not available
B0BD5J36FC,Not available,Not available
B09NMNWKX6,Not available,Not available
B09NMPRX6Y,Not available,Not available
B0C9Q3TW83,Not available,Not available
B082FSKYCV,Not available,Not available
B0C9Q58DGQ,Not available,Not available
B0BHJ7T49J,Not available,Not available
B09G6LTQ8Q,Not available,Not available
B0C1YWPYPS,Not available,Not available
B0CBKRT1H4,Not available,Not available
B082DSWTBZ,Not available,Not available
B0BMQS9NVT,Not available,Not available
B0BMQSF1M4,Not available,Not available
B0B1ZXZ484,Not available,Not available
B0C788SHHC,Not available,Not available
B0BZ466BWW,Not available,Not available
B0C7895BJ9,Not available,Not available
B0BBM7L888,Not available,Not available
B0BZ479WZD,Not available,Not available
B0C78869XJ,Not available,Not available
B0B8VBVVMW,Not available,Not available
B0C4622G6N,Not available,Not available
B0BBMGZ5T4,Not available,Not available
B0BZ48H8JX,Not available,Not available
B0C78GR61T,Not available,Not available
B0BQLWZLJX,Not available,Not available
B09FKDB27R,Not available,Not available
B0BZ48VZMR,Not available,Not available
B0999NNBPV,Not available,Not available
B0BBM78DMV,Not available,Not available
B07NBZ43PH,Not available,Not available
B0C4P4BJ19,Not available,Not available
B0BSRVNCYC,Not available,Not available
B0BSRVL2VV,Not available,Not available
B0BSRVXJ8H,Not available,Not available
B0C7CQNB25,Not available,Not available
B0BSRTQC2Q,Not available,Not available
B0BTHN8SVY,Not available,Not available
B0BSRTWX56,Not available,Not available
B0C4NWTB7F,Not available,Not available
B0BSRV1YGK,Not available,Not available
B0BTHLCK15,Not available,Not available
B09FLYMLBY,Not available,Not available
B0BSRW3N14,Not available,Not available
B0BSRW1T5D,Not available,Not available
B0BSRTTSTC,Not available,Not available
B0C8NGBHNH,Not available,Not available
B0BXDQG9WK,Not available,Not available
B0BTW25LC7,Not available,Not available
B0BPS9QS7R,Not available,Not available
B0B4JNRFFH,Not available,Not available
B0BQF49MW8,Not available,Not available
B08YYK5SMD,Not available,Not available
B09X671TNP,Not available,Not available
B0BWDZ7S37,Not available,Not available
B0BRNCBF1Y,Not available,Not available
B07THTWXX2,Not available,Not available
B0BCH15XC1,Not available,Not available
B0BCKLC5BZ,Not available,Not available
B0BQ3KV15J,Not available,Not available
B0C7KN18JQ,Not available,Not available
B0BSS5WW5Y,Not available,Not available
B084MG17BP,Not available,Not available
B0B6NN3N3Y,Not available,Not available
B0B68G4F1S,Not available,Not available
B0BV6SHLSD,Not available,Not available
B0C8TSGF15,Not available,Not available
B08HDQBN2B,Not available,Not available
B0C96PQX3T,Not available,Not available
B0BSTXPJTV,Not available,Not available
B0B469ZCJ5,Not available,Not available
B08QD921PN,Not available,Not available
B09MB62DK8,Not available,Not available
B08ZM534V8,Not available,Not available
B0C9MDP1N6,Not available,Not available
B09HMHXP3S,Not available,Not available
B09V79M16T,Not available,Not available
B091HVYT83,Not available,Not available
B09CHBPK48,Not available,Not available
B09525LLZQ,Not available,Not available
B08Q2CLS25,Not available,Not available
B09X66H34M,Not available,Not available
B09JBY27ZW,Not available,Not available
B0BSNQNLC5,Not available,Not available
B089W6Z7FT,Not available,Not available
B08DRB2FZM,Not available,Not available
B0CC5C8VMY,Not available,Not available
B0C3LX7RMM,Not available,Not available
B0CB39P1SS,Not available,Not available
B0BCKNFFWV,Not available,Not available
B096RPHND6,Not available,Not available
B0BGM48XHL,Not available,Not available
B083DZDNSN,Not available,Not available
B0BDVVBBHB,Not available,Not available
B004HFLWHY,Not available,Not available
0857504797,Not available,Not available
B0132ZPUQS,Not available,Not available
B07YMYZFT5,Not available,Not available
B014GVC240,Not available,Not available
B06XPD7SV2,Not available,Not available
1328507971,Not available,Not available
B014GVCGLE,Not available,Not available
B0C1CT2HYT,Not available,Not available
B09CKSNHHV,Not available,Not available
B07FZ6Z992,Not available,Not available
B00KS993II,Not available,Not available
B014GVC3SA,Not available,Not available
B014GVCM6I,Not available,Not available
8184983077,Not available,Not available
B06X9TQGST,Not available,Not available
B0759KCZBH,Not available,Not available
B08PZ459QZ,Not available,Not available
B07GLZ22LZ,Not available,Not available
B0924NCC3T,Not available,Not available
0241370264,Not available,Not available
B07SPYNJSY,Not available,Not available
B014GVC33U,Not available,Not available
B08D8KN5JJ,Not available,Not available
B06XP2C9DC,Not available,Not available
1984820494,Not available,Not available
B0CCSP6LQX,Not available,Not available
B0BZST8GVP,Not available,Not available
B07XC5N91K,Not available,Not available
B09B676525,Not available,Not available
B09KPG2F1Z,Not available,Not available
1734800615,Not available,Not available
B0B9HDK78R,Not available,Not available
B0C7BN5KS5,Not available,Not available
B09NN6DGDX,Not available,Not available
B0BPJKBY1S,Not available,Not available
B00SMFPJG0,Not available,Not available
B00S2OSKOE,Not available,Not available
B09L8BTDVM,Not available,Not available
1526615657,Not available,Not available
B08BJ9SYH9,Not available,Not available
B09F3L8BD7,Not available,Not available
1785760335,Not available,Not available
B01ENFONGE,Not available,Not available
B0C13N2D43,Not available,Not available
B0BYSY261J,Not available,Not available
B0BYW5LT3S,Not available,Not available
B0CCJLBG8S,Not available,Not available
B08HV83HL3,Not available,Not available
B08HVL8QN3,Not available,Not available
B08MC57J31,Not available,Not available
B0BJV4L36G,Not available,Not available
B09MZCQYHZ,Not available,Not available
B07RD611Z8,Not available,Not available
B08HF1XR7J,Not available,Not available
B08HVJCW95,Not available,Not available
B0993BB11X,Not available,Not available
B07X83RT1K,Not available,Not available
B0C37NSQRT,Not available,Not available
B09MZDVQCC,Not available,Not available
B0BZ3V1L9S,Not available,Not available
B09CTV93G5,Not available,Not available
B07X6JCTR2,Not available,Not available
B0BXSR4ZBD,Not available,Not available
B09ND1M95R,Not available,Not available
B08GKBT7SJ,Not available,Not available
B0B1YGX79Q,Not available,Not available
B0058SPKRW,Not available,Not available
B00CIDG2JK,Not available,Not available
B07VZFB7RY,Not available,Not available
B0BQMY24QV,Not available,Not available
B07SRK1WDY,Not available,Not available
B07P4WBYF4,Not available,Not available
B0CBX6NC7Z,Not available,Not available
B07HYDD9F1,Not available,Not available
B08L5R6ZHP,Not available,Not available
B08L82P4YJ,Not available,Not available
B09FG91V67,Not available,Not available
B0BSTTWL3C,Not available,Not available
B07L8KNP5F,Not available,Not available
B0BZJ1LNLY,Not available,Not available
B09HDG3MBG,Not available,Not available
B08CR6QVB3,Not available,Not available
B09VFKMCHV,Not available,Not available
B075GFVKG6,Not available,Not available
B0BNLCN3ZV,Not available,Not available
B0C37JG4P6,Not available,Not available
B00TX94WE4,Not available,Not available
B07JQNB7QG,Not available,Not available
B00NYZU698,Not available,Not available
B00AWCF76I,Not available,Not available
B07MDPZ8L9,Not available,Not available
B06XWF45WY,Not available,Not available
B09LJ287RH,Not available,Not available
B08RP93C17,Not available,Not available
B00XYAPDUU,Not available,Not available
B00U7GDTGO,Not available,Not available
B0B2K6K42T,Not available,Not available
B0192UNUGO,Not available,Not available
B08GY5DRXB,Not available,Not available
B0B2K8HLPG,Not available,Not available
B0B3JL3Q5Z,Not available,Not available
B07VTPZY65,Not available,Not available
B01FRZ3DGA,Not available,Not available
B01892ML6Q,Not available,Not available
B079PLK4NZ,Not available,Not available
B01J8F7ECY,Not available,Not available
B01C6B1PD6,Not available,Not available
B09J5G5XHJ,Not available,Not available
1847157130,Not available,Not available
B0B369SJ5Z,Not available,Not available
0807592072,Not available,Not available
B09X19Q59Q,Not available,Not available
B09B28RY25,Not available,Not available
B0BWS8QCVK,Not available,Not available
B0BBV7YS53,Not available,Not available
B0B34842YT,Not available,Not available
B0BBMWZJT5,Not available,Not available
B079B2HH4G,Not available,Not available
B075F45CGB,Not available,Not available
B08CMQD4BC,Not available,Not available
B075V31WWL,Not available,Not available
B09T3MGGWX,Not available,Not available
B07XPC93F5,Not available,Not available
B07PZVJLS1,Not available,Not available
B09D3TPM5V,Not available,Not available
B08MXSWS1C,Not available,Not available
B07QRQZK1G,Not available,Not available
B07XPQ7ZTS,Not available,Not available
B09NDPVVLC,Not available,Not available
B07BZ1XZ77,Not available,Not available
B09KV7Y3KL,Not available,Not available
B07W725KKB,Not available,Not available
B08538KV5L,Not available,Not available
B07JHJ4T73,Not available,Not available
B07PKCPK7H,Not available,Not available
B09DYTDSY6,Not available,Not available
B08M9GP2TX,Not available,Not available
B091YFB215,Not available,Not available
B09JMXMY39,Not available,Not available
B08N19ZGFZ,Not available,Not available
B0BQGM3KRQ,Not available,Not available
B08X19PYP5,Not available,Not available
B08HRVWM4T,Not available,Not available
B0B21D6GC6,Not available,Not available
B098WCHGSJ,Not available,Not available
B08941PYLT,Not available,Not available
B0892NTGCW,Not available,Not available
B07WQZHNKN,Not available,Not available
B088QCYHG5,Not available,Not available
B0BM4SY8GS,Not available,Not available
B085YC8BJH,Not available,Not available
B081ZCP1D4,Not available,Not available
B09QS9Z8F3,Not available,Not available
B0B88K9XNJ,Not available,Not available
B0B4JN3WYP,Not available,Not available
B0BQJ8NZ5W,Not available,Not available
B0C93QX5QM,Not available,Not available
B0BQN13LTQ,Not available,Not available
B0C93RRCC9,Not available,Not available
B0BHZJKR9N,Not available,Not available
B0C28FKJXG,Not available,Not available
B0B1M9HYBT,Not available,Not available
B0C4Y39VRV,Not available,Not available
B0B9YHX39M,Not available,Not available
B0B63Y75P9,Not available,Not available
B0B4N6JVMW,Not available,Not available
B0CBKT2ZMQ,Not available,Not available
B08316YSKH,Not available,Not available
B094CBQ32N,Not available,Not available
B01N6OOW52,Not available,Not available
B07D4J8MRV,Not available,Not available
B0BS3WVXLV,Not available,Not available
B00PXJWJJI,Not available,Not available
B07VGHBH91,Not available,Not available
B08LHC2NXG,Not available,Not available
B08KQ1J2JS,Not available,Not available
B0BVG3P985,Not available,Not available
B0BS1GFHMS,Not available,Not available
B0716NTF52,Not available,Not available
B08V8H7DBD,Not available,Not available
B0C2PDLVH9,Not available,Not available
B0B3N6BNZN,Not available,Not available
B08GL1DNV7,Not available,Not available
B07R2XWTY9,Not available,Not available
B094JK1S7D,Not available,Not available
B0977HWPN6,Not available,Not available
B07BSWXZG6,Not available,Not available
B09NRKCF9M,Not available,Not available
B0184B9110,Not available,Not available
B09J561NTR,Not available,Not available
B08FQYZQ51,Not available,Not available
B0BRV898L3,Not available,Not available
B0B2PN9YQL,Not available,Not available
B01GTX6I3E,Not available,Not available
B07QYMSW1F,Not available,Not available
B09L7SXZPH,Not available,Not available
B0977GKBR4,Not available,Not available
B07F9QNL4Z,Not available,Not available
B0B51FG388,Not available,Not available
B0BTTMG78S,Not available,Not available
B0BHXX4TFV,Not available,Not available
B076VG6LF3,Not available,Not available
B07NWV8F4R,Not available,Not available
B09L7TRBVQ,Not available,Not available
B07281JH99,Not available,Not available
B01MS642JN,Not available,Not available
B094ZSVX46,Not available,Not available
B07BSX186H,Not available,Not available
B0B53D7FXJ,Not available,Not available
B00EWJ542E,Not available,Not available
B07ZZ3CFNC,Not available,Not available
B07P99Q8ZM,Not available,Not available
B0BPXCF5MH,Not available,Not available
B095BPBBWZ,Not available,Not available
B08GL2CH2C,Not available,Not available
B01HIR982I,Not available,Not available
B09QHN18BR,Not available,Not available
B07XLML2YS,Not available,Not available
B0B51WPT24,Not available,Not available
B095CLQ1PT,Not available,Not available
B0BBV83YF9,Not available,Not available
B0BYVNF77P,Not available,Not available
B07YFWVRCM,Not available,Not available
B07BS4TJ43,Not available,Not available
B0C6MP3C3K,Not available,Not available
B0B6SYJZ81,Not available,Not available
B0B42TZQ4C,Not available,Not available
B0BYVNQ7CV,Not available,Not available
B0C7KLKHJJ,Not available,Not available
B083V41T6M,Not available,Not available
B0BQBTR7HM,Not available,Not available
B0BSNFHQKG,Not available,Not available
B0C62GCCPC,Not available,Not available
B01EJ5MM5M,Not available,Not available
B08D9NDZ1Y,Not available,Not available
B09F5Z694W,Not available,Not available
B01JOFKL0A,Not available,Not available
B01H25A1AE,Not available,Not available
B09RF89MJQ,Not available,Not available
B08CYMP63S,Not available,Not available
B09L5YPF4Y,Not available,Not available
B08D9MNH4B,Not available,Not available
B08CYRBXYX,Not available,Not available
B0C1JSPZ51,Not available,Not available
B07S28GT6F,Not available,Not available
B0BN1XT6TF,Not available,Not available
B07BZFLWS7,Not available,Not available
B08CYLT7BK,Not available,Not available
B008HDF4J4,Not available,Not available
B09R3QNGW5,Not available,Not available
B01DPL9B00,Not available,Not available
B09R3JQ3P9,Not available,Not available
B0C9756XKF,Not available,Not available
B00IYD419Q,Not available,Not available
B08332TJFG,Not available,Not available
B0794PFZ6F,Not available,Not available
B0C6K2ZSHW,Not available,Not available
B0BP2G1RR2,Not available,Not available
B08378VSP6,Not available,Not available
B0BQHR47GZ,Not available,Not available
B08W274M2K,Not available,Not available
B0842RB83T,Not available,Not available
B083788D2Q,Not available,Not available
B09YV5GB88,Not available,Not available
B084J1WFD3,Not available,Not available
B09X5C9VLK,Not available,Not available
B078HG2ZPS,Not available,Not available
B09J2SCVQT,Not available,Not available
B00HVXS7WC,Not available,Not available
B08JQCC551,Not available,Not available
B082ZQ4479,Not available,Not available
B09GYBZPHF,Not available,Not available
B08CFJBZRK,Not available,Not available
B01GZSQJPA,Not available,Not available
B07MKMFKPG,Not available,Not available
B097XJQZ8H,Not available,Not available
B0BDZWMGZ1,Not available,Not available
B0C33FLXJJ,Not available,Not available
B00P4GQYDM,Not available,Not available
B075JJ5NQC,Not available,Not available
B0C45RVGTY,Not available,Not available
B0C2V2JVPV,Not available,Not available
B08QFG5GJD,Not available,Not available
B07NY1M1Z6,Not available,Not available
B08QFNF2GL,Not available,Not available
B06XVDT67P,Not available,Not available
B08VJFYH6N,Not available,Not available
B00J5DY7RU,Not available,Not available
B00O2R2PI2,Not available,Not available
B00KL56QPM,Not available,Not available
B0BW46WM8C,Not available,Not available
B0C3MJ34FD,Not available,Not available
B075TKG95Y,Not available,Not available
B085G717XG,Not available,Not available
B07QZGD36H,Not available,Not available
B0BWWSR2RN,Not available,Not available
B06XYHLMHH,Not available,Not available
B011GOY6HG,Not available,Not available
B07RFQRF46,Not available,Not available
B09MKN3B2L,Not available,Not available
B089J518DC,Not available,Not available
B012DF4EUQ,Not available,Not available
B0B314ZG34,Not available,Not available
B07LGB3PP8,Not available,Not available
B07M9Y5F27,Not available,Not available
B010M5MORO,Not available,Not available
B07RBZT7KJ,Not available,Not available
B07FCKZ4KM,Not available,Not available
B00NXG8AM8,Not available,Not available
B09TB5JFLM,Not available,Not available
B00NXG86UE,Not available,Not available
B07RDPGXSD,Not available,Not available
B07RL1NLVK,Not available,Not available
B0BD8JKQ9V,Not available,Not available
B00NXFQ9XQ,Not available,Not available
B01N27OVUE,Not available,Not available
B08HS4JYMK,Not available,Not available
B07R5N8DDB,Not available,Not available
B07M9TWJMR,Not available,Not available
B08HSQHS9X,Not available,Not available
B091M9QH1N,Not available,Not available
B09HXYZMFT,Not available,Not available
B09TB88Q9P,Not available,Not available
B084VNWVW8,Not available,Not available
B097RB68CX,Not available,Not available
B083G62C3N,Not available,Not available
B071KP1LNM,Not available,Not available
B082YBGL89,Not available,Not available
B08P63F17N,Not available,Not available
B09RFH6PW9,Not available,Not available
B07RM3CD3P,Not available,Not available
B0152XAQ8A,Not available,Not available
B0B77TC58M,Not available,Not available
B07R9ZV1J3,Not available,Not available
B07RVCB53Q,Not available,Not available
B07L49JM19,Not available,Not available
B0152XAYDW,Not available,Not available
B09PRSQJRR,Not available,Not available
B0C6TVRNJR,Not available,Not available
B078BDT99W,Not available,Not available
B0BRFF8VMY,Not available,Not available
B00NXFQ07Q,Not available,Not available
B07YZBFLB4,Not available,Not available
B07Y5K6YC6,Not available,Not available
B07R6M2NPF,Not available,Not available
B0BPH3KVRN,Not available,Not available
B09XHNDC1R,Not available,Not available
B09RGY79BQ,Not available,Not available
B089M9HVQP,Not available,Not available
B0008EJIYC,Not available,Not available
B0B6RMSF2S,Not available,Not available
B09FGN9CD9,Not available,Not available
B08NDMBR1R,Not available,Not available
B0BHPBZSY8,Not available,Not available
B072JW974M,Not available,Not available
B09L8F82G1,Not available,Not available
B0BPHNZZL5,Not available,Not available
B0BSTYSKQR,Not available,Not available
B09XF38RH1,Not available,Not available
B096FYLB46,Not available,Not available
B09FGML517,Not available,Not available
B09VPXR9LP,Not available,Not available
B09DVZST2V,Not available,Not available
B0B5XRW6XW,Not available,Not available
B0976WNS2V,Not available,Not available
B0C6ZZSKXF,Not available,Not available
B09M8FWF39,Not available,Not available
B0BCFH2N8X,Not available,Not available
B0B9S9KDQ1,Not available,Not available
B0C6R8FMXC,Not available,Not available
B09VH12HH8,Not available,Not available
B09CQD2JD8,Not available,Not available
B08Z46V8SQ,Not available,Not available
B0BZ3P22D1,Not available,Not available
B0BXB3GDJ9,Not available,Not available
B0BSLLFC1T,Not available,Not available
B0BLP8CLCR,Not available,Not available
B0C6M315RN,Not available,Not available
B0BRQ2V6S2,Not available,Not available
B0B8ZHZBQN,Not available,Not available
B0B4PC61JF,Not available,Not available
B0974CRHQT,Not available,Not available
B0BSS2C3MZ,Not available,Not available
B0BRPZYC51,Not available,Not available
B097YMM3NN,Not available,Not available
B00ET0TQT8,Not available,Not available
B011NM6O9O,Not available,Not available
B081JN73QN,Not available,Not available
B09XXLNC9C,Not available,Not available
B082NXDZPH,Not available,Not available
B0BRSL1DM8,Not available,Not available
B0BLCY2JH7,Not available,Not available
B098Q9C48J,Not available,Not available
